方法,参数,分类,解释,例子
option_margin,,期权保证金,,
option_margin_symbol,,期权保证金,,
stock_hk_company_profile_em,,东方财富-港股-证券资料,,
stock_hk_security_profile_em,,东方财富-港股-证券资料,,
bond_sh_buy_back_em,,东方财富网-行情中心-债券市场-质押式回购,,
bond_sz_buy_back_em,,东方财富网-行情中心-债券市场-质押式回购,,
bond_buy_back_hist_em,,东方财富网-行情中心-债券市场-质押式回购,,
stock_zh_a_gbjg_em,,东方财富-A股数据-股本结构,,
stock_zh_a_spot_em_async,,异步接口,,
stock_individual_fund_flow_rank_async,,异步接口,,
stock_board_concept_name_em_async,,异步接口,,
stock_individual_basic_info_xq,,雪球-个股-公司概况-公司简介,,
stock_individual_basic_info_hk_xq,,雪球-个股-公司概况-公司简介,,
stock_individual_basic_info_us_xq,,雪球-个股-公司概况-公司简介,,
index_global_hist_sina,,新浪财经-行情中心-环球市场,,
index_global_name_table,,新浪财经-行情中心-环球市场,,
index_global_hist_em,,东方财富网-行情中心-全球指数,,
index_global_spot_em,,东方财富网-行情中心-全球指数,,
forex_hist_em,,东方财富网-行情中心-外汇市场-所有汇率,,
forex_spot_em,,东方财富网-行情中心-外汇市场-所有汇率,,
stock_zh_ah_spot_em,,东方财富网-行情中心-沪深港通,,
stock_hsgt_sh_hk_spot_em,,东方财富网-行情中心-沪深港通,,
stock_financial_us_report_em,,东方财富-美股-财务分析-三大报表,,
stock_financial_us_analysis_indicator_em,,东方财富-美股-财务分析-三大报表,,
futures_hist_table_em,,期货行情-内盘-历史行情数据-东财,,
futures_hist_em,,期货行情-内盘-历史行情数据-东财,,
stock_hold_change_cninfo,,巨潮资讯-数据中心-专题统计-股东股本-股本变动,,
fund_fee_em,,基金费率,,
stock_value_em,,东方财富网-数据中心-估值分析-每日互动-每日互动-估值分析,,
volatility_yz_rv,,已实现波动率,,
rv_from_futures_zh_minute_sina,,已实现波动率,,
rv_from_stock_zh_a_hist_min_em,,已实现波动率,,
qdii_a_index_jsl,,QDII,,
qdii_e_index_jsl,,QDII,,
qdii_e_comm_jsl,,QDII,,
stock_news_main_cx,,财新网-财新数据通,,
spot_hog_soozhu,,搜猪-生猪大数据-各省均价实时排行榜,,
spot_hog_year_trend_soozhu,,搜猪-生猪大数据-各省均价实时排行榜,,
spot_hog_lean_price_soozhu,,搜猪-生猪大数据-各省均价实时排行榜,,
spot_hog_three_way_soozhu,,搜猪-生猪大数据-各省均价实时排行榜,,
spot_hog_crossbred_soozhu,,搜猪-生猪大数据-各省均价实时排行榜,,
spot_corn_price_soozhu,,搜猪-生猪大数据-各省均价实时排行榜,,
spot_soybean_price_soozhu,,搜猪-生猪大数据-各省均价实时排行榜,,
spot_mixed_feed_soozhu,,搜猪-生猪大数据-各省均价实时排行榜,,
stock_hk_famous_spot_em,,知名港股,,
macro_stock_finance,,同花顺-数据中心-宏观数据-股票筹资,,
macro_rmb_loan,,同花顺-数据中心-宏观数据-股票筹资,,
macro_rmb_deposit,,同花顺-数据中心-宏观数据-股票筹资,,
stock_concept_cons_futu,,富途牛牛-主题投资-概念板块-成分股,,
option_comm_info,,商品期权手续费,,
option_comm_symbol,,商品期权手续费,,
option_daily_stats_sse,,上海证券交易所-产品-股票期权-每日统计,,
option_daily_stats_szse,,上海证券交易所-产品-股票期权-每日统计,,
fund_etf_spot_ths,,同花顺理财-基金数据-每日净值-ETF,,
stock_margin_account_info,,东方财富网-数据中心-融资融券-融资融券账户统计-两融账户信息,,
spot_price_qh,,现货走势,,
spot_price_table_qh,,现货走势,,
macro_info_ws,,华尔街见闻-日历-宏观,,
index_news_sentiment_scope,,数库-A股新闻情绪指数,,
index_hist_fund_sw,,申万宏源研究-申万指数-指数发布-基金指数-实时行情,,
index_realtime_fund_sw,,申万宏源研究-申万指数-指数发布-基金指数-实时行情,,
stock_info_cjzc_em,,东方财富-财经早餐,,
stock_info_global_em,,东方财富-财经早餐,,
stock_info_global_ths,,东方财富-财经早餐,,
stock_info_global_futu,,东方财富-财经早餐,,
stock_info_global_sina,,东方财富-财经早餐,,
stock_info_global_cls,,东方财富-财经早餐,,
stock_info_broker_sina,,东方财富-财经早餐,,
futures_contract_info_shfe,,期货交易-参数汇总查询,,
futures_contract_info_dce,,期货交易-参数汇总查询,,
futures_contract_info_czce,,期货交易-参数汇总查询,,
futures_contract_info_gfex,,期货交易-参数汇总查询,,
futures_contract_info_cffex,,期货交易-参数汇总查询,,
futures_contract_info_ine,,期货交易-参数汇总查询,,
futures_stock_shfe_js,,上海期货交易所-指定交割仓库-库存周报,,
stock_hsgt_fund_min_em,,东方财富-数据中心-沪深港通-市场概括-分时数据,,
futures_global_spot_em,,东方财富网-行情中心-期货市场-国际期货,,
futures_global_hist_em,,东方财富网-行情中心-期货市场-国际期货,,
stock_individual_spot_xq,,雪球行情数据,,
stock_hk_profit_forecast_et,,港股盈利预测,,
stock_zh_a_disclosure_relation_cninfo,,巨潮资讯-首页-公告查询-信息披露,,
stock_zh_a_disclosure_report_cninfo,,巨潮资讯-首页-公告查询-信息披露,,
stock_intraday_sina,,东财财富-分时数据,,
stock_zh_a_hist_tx,,股票日行情,,
stock_cyq_em,,筹码分布,,
stock_intraday_em,,东财财富-分时数据,,
index_us_stock_sina,,美股指数行情,,
stock_share_hold_change_bse,,董监高及相关人员持股变动,,
stock_share_hold_change_sse,,董监高及相关人员持股变动,,
stock_share_hold_change_szse,,董监高及相关人员持股变动,,
stock_research_report_em,,东方财富网-数据中心-研究报告-个股研报,,
stock_zdhtmx_em,,东方财富网-数据中心-重大合同-重大合同明细,,
stock_gddh_em,,东方财富网-数据中心-股东大会,,
stock_gsrl_gsdt_em,,东方财富网-数据中心-股市日历,,
stock_hold_management_detail_em,,东方财富网-数据中心-特色数据-高管持股,,
stock_hold_management_person_em,,东方财富网-数据中心-特色数据-高管持股,,
bond_cb_profile_sina,,新浪财经-债券-可转债,,
bond_cb_summary_sina,,新浪财经-债券-可转债,,
stock_sns_sseinfo,,上证e互动,,
stock_irm_cninfo,,互动易-提问与回答,,
stock_irm_ans_cninfo,,互动易-提问与回答,,
fund_announcement_personnel_em,,基金公告-人事公告,,
stock_esg_msci_sina,,新浪财经-ESG评级中心,,
stock_esg_rft_sina,,新浪财经-ESG评级中心,,
stock_esg_rate_sina,,新浪财经-ESG评级中心,,
stock_esg_zd_sina,,新浪财经-ESG评级中心,,
stock_esg_hz_sina,,新浪财经-ESG评级中心,,
fund_lof_hist_em,,LOF 行情数据,,
fund_lof_spot_em,,LOF 行情数据,,
fund_lof_hist_min_em,,LOF 行情数据,,
stock_financial_abstract_ths,,同花顺-财务指标-主要指标,,
stock_financial_debt_ths,,同花顺-财务指标-主要指标,,
stock_financial_benefit_ths,,同花顺-财务指标-主要指标,,
stock_financial_cash_ths,,同花顺-财务指标-主要指标,,
stock_management_change_ths,,同花顺-财务指标-主要指标,,
stock_shareholder_change_ths,,同花顺-财务指标-主要指标,,
stock_hk_index_spot_sina,,港股股票指数数据-新浪-东财,,
stock_hk_index_daily_em,,港股股票指数数据-新浪-东财,,
stock_hk_index_spot_em,,港股股票指数数据-新浪-东财,,
stock_hk_index_daily_sina,,港股股票指数数据-新浪-东财,,
bond_zh_cov_info_ths,,同花顺-数据中心-可转债,,
stock_hk_fhpx_detail_ths,,同花顺-港股-分红派息,,
stock_fhps_detail_ths,,同花顺-分红融资,,
stock_bid_ask_em,,东方财富-行情报价,,
stock_profit_forecast_ths,,同花顺-盈利预测,,
futures_news_shmet,,期货资讯,,
stock_zyjs_ths,,主营介绍,,
fund_etf_hist_em,,东方财富-ETF 行情,,
fund_etf_hist_min_em,,东方财富-ETF 行情,,
fund_etf_spot_em,,东方财富-ETF 行情,,
stock_ebs_lg,,乐咕乐股-股债利差,,
fund_stock_position_lg,,乐咕乐股-基金仓位,,
fund_balance_position_lg,,乐咕乐股-基金仓位,,
fund_linghuo_position_lg,,乐咕乐股-基金仓位,,
stock_a_congestion_lg,,乐咕乐股-大盘拥挤度,,
stock_a_gxl_lg,,乐咕乐股-股息率-A 股股息率,,
stock_hk_gxl_lg,,乐咕乐股-股息率-A 股股息率,,
stock_restricted_release_stockholder_em,,东方财富-限售解禁股,,
stock_restricted_release_summary_em,,东方财富-限售解禁股,,
stock_restricted_release_detail_em,,东方财富-限售解禁股,,
stock_restricted_release_queue_em,,东方财富-限售解禁股,,
stock_board_industry_summary_ths,,同花顺行业一览表,,
index_hog_spot_price,,生猪市场价格指数,,
bond_info_detail_cm,,债券信息查询,,
bond_info_cm,,债券信息查询,,
bond_info_cm_query,,债券信息查询,,
index_realtime_sw,,申万宏源研究-指数系列,,
index_hist_sw,,申万宏源研究-指数系列,,
index_component_sw,,申万宏源研究-指数系列,,
index_min_sw,,申万宏源研究-指数系列,,
index_analysis_daily_sw,,申万宏源研究-指数系列,,
index_analysis_weekly_sw,,申万宏源研究-指数系列,,
index_analysis_monthly_sw,,申万宏源研究-指数系列,,
index_analysis_week_month_sw,,申万宏源研究-指数系列,,
index_option_50etf_qvix,,50ETF 期权波动率指数,,
index_option_300etf_min_qvix,,50ETF 期权波动率指数,,
index_option_300etf_qvix,,50ETF 期权波动率指数,,
index_option_50etf_min_qvix,,50ETF 期权波动率指数,,
index_option_1000index_min_qvix,,50ETF 期权波动率指数,,
index_option_1000index_qvix,,50ETF 期权波动率指数,,
index_option_100etf_min_qvix,,50ETF 期权波动率指数,,
index_option_100etf_qvix,,50ETF 期权波动率指数,,
index_option_300index_min_qvix,,50ETF 期权波动率指数,,
index_option_300index_qvix,,50ETF 期权波动率指数,,
index_option_500etf_min_qvix,,50ETF 期权波动率指数,,
index_option_500etf_qvix,,50ETF 期权波动率指数,,
index_option_50index_min_qvix,,50ETF 期权波动率指数,,
index_option_50index_qvix,,50ETF 期权波动率指数,,
index_option_cyb_min_qvix,,50ETF 期权波动率指数,,
index_option_cyb_qvix,,50ETF 期权波动率指数,,
index_option_kcb_min_qvix,,50ETF 期权波动率指数,,
index_option_kcb_qvix,,50ETF 期权波动率指数,,
fx_quote_baidu,,百度股市通-外汇-行情榜单,,
stock_buffett_index_lg,,乐估乐股-底部研究-巴菲特指标,,
stock_hot_search_baidu,,百度股市通-热搜股票,,
stock_zh_vote_baidu,,百度股市通- A 股或指数-股评-投票,,
stock_zh_valuation_baidu,,百度股市通-A 股-财务报表-估值数据,,
stock_hk_valuation_baidu,,百度股市通-港股-财务报表-估值数据,,
stock_profile_cninfo,,巨潮资讯-个股-公司概况,,
stock_ipo_summary_cninfo,,巨潮资讯-个股-上市相关,,
stock_allotment_cninfo,,巨潮资讯-数据浏览器-筹资指标-公司配股实施方案,,
stock_sgt_reference_exchange_rate_sse,,沪深港股通-参考汇率和结算汇率,,
stock_sgt_settlement_exchange_rate_sse,,沪深港股通-参考汇率和结算汇率,,
stock_sgt_reference_exchange_rate_szse,,沪深港股通-参考汇率和结算汇率,,
stock_sgt_settlement_exchange_rate_szse,,沪深港股通-参考汇率和结算汇率,,
bond_new_composite_index_cbond,,中国债券信息网-中债指数-中债指数族系-总指数-综合类指数,,
bond_composite_index_cbond,,中国债券信息网-中债指数-中债指数族系-总指数-综合类指数,,
stock_classify_sina,,行业板块,,
stock_zygc_em,,主营构成,,
currency_boc_safe,,人民币汇率中间价,,
option_risk_indicator_sse,,期权-上海证券交易所-风险指标,,
news_economic_baidu,,全球宏观事件,,
news_trade_notify_suspend_baidu,,全球宏观事件,,
news_report_time_baidu,,全球宏观事件,,
news_trade_notify_dividend_baidu,,全球宏观事件,,
stock_balance_sheet_by_report_em,,东方财富-股票-财务分析,,
stock_balance_sheet_by_yearly_em,,东方财富-股票-财务分析,,
stock_profit_sheet_by_report_em,,东方财富-股票-财务分析,,
stock_profit_sheet_by_quarterly_em,,东方财富-股票-财务分析,,
stock_profit_sheet_by_yearly_em,,东方财富-股票-财务分析,,
stock_cash_flow_sheet_by_report_em,,东方财富-股票-财务分析,,
stock_cash_flow_sheet_by_quarterly_em,,东方财富-股票-财务分析,,
stock_cash_flow_sheet_by_yearly_em,,东方财富-股票-财务分析,,
stock_balance_sheet_by_report_delisted_em,,东方财富-股票-财务分析,,
stock_profit_sheet_by_report_delisted_em,,东方财富-股票-财务分析,,
stock_cash_flow_sheet_by_report_delisted_em,,东方财富-股票-财务分析,,
stock_inner_trade_xq,,内部交易,,
stock_hot_deal_xq,,股票热度-雪球,,
stock_hot_follow_xq,,股票热度-雪球,,
stock_hot_tweet_xq,,股票热度-雪球,,
stock_lhb_hyyyb_em,,东方财富-股票数据-龙虎榜,,
stock_lhb_detail_em,,东方财富-股票数据-龙虎榜,,
stock_lhb_stock_detail_em,,东方财富-股票数据-龙虎榜,,
stock_lhb_jgmmtj_em,,东方财富-股票数据-龙虎榜,,
stock_lhb_stock_statistic_em,,东方财富-股票数据-龙虎榜,,
stock_lhb_stock_detail_date_em,,东方财富-股票数据-龙虎榜,,
stock_lhb_yybph_em,,东方财富-股票数据-龙虎榜,,
stock_lhb_jgstatistic_em,,东方财富-股票数据-龙虎榜,,
stock_lhb_traderstatistic_em,,东方财富-股票数据-龙虎榜,,
stock_lhb_yyb_detail_em,,东方财富-股票数据-龙虎榜,,
index_zh_a_hist,,指数行情数据,,
index_zh_a_hist_min_em,,指数行情数据,,
index_code_id_map_em,,指数行情数据,,
stock_hot_rank_detail_em,,东方财富个股人气榜-A股,,
stock_hot_rank_em,,东方财富个股人气榜-A股,,
stock_hot_rank_detail_realtime_em,,东方财富个股人气榜-A股,,
stock_hot_rank_relate_em,,东方财富个股人气榜-A股,,
stock_hot_keyword_em,,东方财富个股人气榜-A股,,
stock_hot_rank_latest_em,,东方财富个股人气榜-A股,,
stock_hot_up_em,,东方财富个股人气榜-A股,,
stock_hk_hot_rank_detail_em,,东方财富个股人气榜-港股,,
stock_hk_hot_rank_latest_em,,东方财富个股人气榜-港股,,
stock_hk_hot_rank_detail_realtime_em,,东方财富个股人气榜-港股,,
stock_hk_hot_rank_em,,东方财富个股人气榜-港股,,
index_pmi_com_cx,,财新指数,,
index_pmi_man_cx,,财新指数,,
index_pmi_ser_cx,,财新指数,,
index_dei_cx,,财新指数,,
index_ii_cx,,财新指数,,
index_si_cx,,财新指数,,
index_fi_cx,,财新指数,,
index_bi_cx,,财新指数,,
index_ci_cx,,财新指数,,
index_awpr_cx,,财新指数,,
index_cci_cx,,财新指数,,
index_li_cx,,财新指数,,
index_neaw_cx,,财新指数,,
index_nei_cx,,财新指数,,
index_ti_cx,,财新指数,,
index_ai_cx,,财新指数,,
index_neei_cx,,财新指数,,
index_bei_cx,,财新指数,,
index_qli_cx,,财新指数,,
option_premium_analysis_em,,期权折溢价分析,,
option_risk_analysis_em,,期权风险分析,,
option_value_analysis_em,,期权价值分析,,
option_lhb_em,,期权龙虎榜,,
stock_gdfx_holding_analyse_em,,东方财富网-数据中心-股东分析,,
stock_gdfx_free_holding_analyse_em,,东方财富网-数据中心-股东分析,,
stock_gdfx_free_top_10_em,,东方财富网-数据中心-股东分析,,
stock_gdfx_top_10_em,,东方财富网-数据中心-股东分析,,
stock_gdfx_free_holding_detail_em,,东方财富网-数据中心-股东分析,,
stock_gdfx_holding_detail_em,,东方财富网-数据中心-股东分析,,
stock_gdfx_free_holding_change_em,,东方财富网-数据中心-股东分析,,
stock_gdfx_holding_change_em,,东方财富网-数据中心-股东分析,,
stock_gdfx_free_holding_statistics_em,,东方财富网-数据中心-股东分析,,
stock_gdfx_holding_statistics_em,,东方财富网-数据中心-股东分析,,
stock_gdfx_free_holding_teamwork_em,,东方财富网-数据中心-股东分析,,
stock_gdfx_holding_teamwork_em,,东方财富网-数据中心-股东分析,,
index_sugar_msweet,,中国食糖指数,,
index_inner_quote_sugar_msweet,,中国食糖指数,,
index_outer_quote_sugar_msweet,,中国食糖指数,,
stock_individual_info_em,,东方财富-个股信息,,
spot_hist_sge,,上海黄金交易所-数据资讯-行情走势,,
spot_symbol_table_sge,,上海黄金交易所-数据资讯-行情走势,,
spot_silver_benchmark_sge,,上海黄金交易所-数据资讯-行情走势,,
spot_golden_benchmark_sge,,上海黄金交易所-数据资讯-行情走势,,
spot_quotations_sge,,上海黄金交易所-数据资讯-行情走势,,
stock_repurchase_em,,股票回购,,
stock_board_industry_cons_em,,东方财富-行业板块,,
stock_board_industry_hist_em,,东方财富-行业板块,,
stock_board_industry_hist_min_em,,东方财富-行业板块,,
stock_board_industry_name_em,,东方财富-行业板块,,
stock_board_industry_spot_em,,东方财富-行业板块,,
fund_scale_change_em,,天天基金网-基金数据-规模变动,,
fund_hold_structure_em,,天天基金网-基金数据-规模变动,,
fund_cf_em,,天天基金网-基金数据-分红送配,,
fund_fh_rank_em,,天天基金网-基金数据-分红送配,,
fund_fh_em,,天天基金网-基金数据-分红送配,,
online_value_artist,,艺恩-艺人,,
business_value_artist,,艺恩-艺人,,
video_variety_show,,艺恩-视频放映,,
video_tv,,艺恩-视频放映,,
stock_rank_cxg_ths,,同花顺-数据中心-技术选股,,
stock_rank_cxd_ths,,同花顺-数据中心-技术选股,,
stock_rank_lxsz_ths,,同花顺-数据中心-技术选股,,
stock_rank_lxxd_ths,,同花顺-数据中心-技术选股,,
stock_rank_cxfl_ths,,同花顺-数据中心-技术选股,,
stock_rank_cxsl_ths,,同花顺-数据中心-技术选股,,
stock_rank_xstp_ths,,同花顺-数据中心-技术选股,,
stock_rank_xxtp_ths,,同花顺-数据中心-技术选股,,
stock_rank_ljqd_ths,,同花顺-数据中心-技术选股,,
stock_rank_ljqs_ths,,同花顺-数据中心-技术选股,,
stock_rank_xzjp_ths,,同花顺-数据中心-技术选股,,
stock_hsgt_individual_em,,沪深港通持股,,
stock_hsgt_individual_detail_em,,沪深港通持股,,
stock_hsgt_fund_flow_summary_em,,沪深港通持股,,
fund_scale_open_sina,,基金规模,,
fund_scale_close_sina,,基金规模,,
fund_scale_structured_sina,,基金规模,,
fund_report_stock_cninfo,,巨潮资讯-数据中心-专题统计-基金报表,,
fund_report_industry_allocation_cninfo,,巨潮资讯-数据中心-专题统计-基金报表,,
fund_report_asset_allocation_cninfo,,巨潮资讯-数据中心-专题统计-基金报表,,
bond_treasure_issue_cninfo,,巨潮资讯-数据中心-专题统计-债券报表-债券发行,,
bond_local_government_issue_cninfo,,巨潮资讯-数据中心-专题统计-债券报表-债券发行,,
bond_corporate_issue_cninfo,,巨潮资讯-数据中心-专题统计-债券报表-债券发行,,
bond_cov_issue_cninfo,,巨潮资讯-数据中心-专题统计-债券报表-债券发行,,
bond_cov_stock_issue_cninfo,,巨潮资讯-数据中心-专题统计-债券报表-债券发行,,
stock_cg_equity_mortgage_cninfo,,巨潮资讯-数据中心-专题统计-公司治理-股权质押,,
stock_cg_lawsuit_cninfo,,巨潮资讯-数据中心-专题统计-公司治理-公司诉讼,,
stock_cg_guarantee_cninfo,,巨潮资讯-数据中心-专题统计-公司治理-对外担保,,
stock_zh_b_spot,,B 股,,
stock_zh_b_daily,,B 股,,
stock_zh_b_minute,,B 股,,
futures_comm_info,,期货手续费,,
futures_fees_info,,期货手续费,,
stock_hold_control_cninfo,,实际控制人持股变动,,
stock_hold_management_detail_cninfo,,实际控制人持股变动,,
stock_hold_num_cninfo,,股东人数及持股集中度,,
stock_new_gh_cninfo,,新股过会,,
stock_new_ipo_cninfo,,新股过会,,
stock_dividend_cninfo,,个股分红,,
stock_share_change_cninfo,,公司股本变动,,
stock_industry_category_cninfo,,行业分类数据,,
stock_industry_change_cninfo,,行业分类数据,,
stock_industry_pe_ratio_cninfo,,行业市盈率,,
stock_industry_clf_hist_sw,,申万宏源行业分类数据,,
stock_rank_forecast_cninfo,,投资评级,,
stock_us_famous_spot_em,,美股-知名美股,,
stock_us_pink_spot_em,,美股-粉单市场,,
reits_realtime_em,,REITs,,
reits_hist_em,,REITs,,
stock_a_ttm_lyr,,全部 A 股-等权重市盈率、中位数市盈率,,
stock_a_all_pb,,全部 A 股-等权重、中位数市净率,,
macro_canada_cpi_monthly,,宏观-加拿大,,
macro_canada_core_cpi_monthly,,宏观-加拿大,,
macro_canada_bank_rate,,宏观-加拿大,,
macro_canada_core_cpi_yearly,,宏观-加拿大,,
macro_canada_cpi_yearly,,宏观-加拿大,,
macro_canada_gdp_monthly,,宏观-加拿大,,
macro_canada_new_house_rate,,宏观-加拿大,,
macro_canada_retail_rate_monthly,,宏观-加拿大,,
macro_canada_trade,,宏观-加拿大,,
macro_canada_unemployment_rate,,宏观-加拿大,,
futures_hog_core,,猪肉价格信息,,
futures_hog_cost,,猪肉价格信息,,
futures_hog_supply,,猪肉价格信息,,
macro_australia_bank_rate,,宏观-澳大利亚,,
macro_australia_unemployment_rate,,宏观-澳大利亚,,
macro_australia_trade,,宏观-澳大利亚,,
macro_australia_cpi_quarterly,,宏观-澳大利亚,,
macro_australia_cpi_yearly,,宏观-澳大利亚,,
macro_australia_ppi_quarterly,,宏观-澳大利亚,,
macro_australia_retail_rate_monthly,,宏观-澳大利亚,,
stock_margin_underlying_info_szse,,融资融券-深圳,,
stock_margin_detail_szse,,融资融券-深圳,,
stock_margin_szse,,融资融券-深圳,,
macro_uk_gdp_yearly,,英国-宏观,,
macro_uk_gdp_quarterly,,英国-宏观,,
macro_uk_retail_yearly,,英国-宏观,,
macro_uk_rightmove_monthly,,英国-宏观,,
macro_uk_rightmove_yearly,,英国-宏观,,
macro_uk_unemployment_rate,,英国-宏观,,
macro_uk_halifax_monthly,,英国-宏观,,
macro_uk_bank_rate,,英国-宏观,,
macro_uk_core_cpi_monthly,,英国-宏观,,
macro_uk_core_cpi_yearly,,英国-宏观,,
macro_uk_cpi_monthly,,英国-宏观,,
macro_uk_cpi_yearly,,英国-宏观,,
macro_uk_halifax_yearly,,英国-宏观,,
macro_uk_retail_monthly,,英国-宏观,,
macro_uk_trade,,英国-宏观,,
macro_japan_bank_rate,,日本-宏观,,
macro_japan_core_cpi_yearly,,日本-宏观,,
macro_japan_cpi_yearly,,日本-宏观,,
macro_japan_head_indicator,,日本-宏观,,
macro_japan_unemployment_rate,,日本-宏观,,
macro_swiss_trade,,瑞士-宏观,,
macro_swiss_svme,,瑞士-宏观,,
macro_swiss_cpi_yearly,,瑞士-宏观,,
macro_swiss_gbd_yearly,,瑞士-宏观,,
macro_swiss_gbd_bank_rate,,瑞士-宏观,,
macro_swiss_gdp_quarterly,,瑞士-宏观,,
stock_board_concept_cons_em,,东方财富-概念板块,,
stock_board_concept_hist_em,,东方财富-概念板块,,
stock_board_concept_hist_min_em,,东方财富-概念板块,,
stock_board_concept_name_em,,东方财富-概念板块,,
stock_board_concept_spot_em,,东方财富-概念板块,,
macro_germany_gdp,,德国-经济指标,,
macro_germany_ifo,,德国-经济指标,,
macro_germany_cpi_monthly,,德国-经济指标,,
macro_germany_retail_sale_monthly,,德国-经济指标,,
macro_germany_trade_adjusted,,德国-经济指标,,
macro_germany_retail_sale_yearly,,德国-经济指标,,
macro_germany_cpi_yearly,,德国-经济指标,,
macro_germany_zew,,德国-经济指标,,
fund_aum_em,,基金规模和规模趋势,,
fund_aum_trend_em,,基金规模和规模趋势,,
fund_aum_hist_em,,基金规模和规模趋势,,
crypto_bitcoin_cme,,CME 比特币成交量,,
stock_changes_em,,盘口异动,,
stock_board_change_em,,盘口异动,,
stock_zh_a_spot_em,,A 股东方财富,,
stock_bj_a_spot_em,,A 股东方财富,,
stock_new_a_spot_em,,A 股东方财富,,
stock_kc_a_spot_em,,A 股东方财富,,
stock_cy_a_spot_em,,A 股东方财富,,
stock_sh_a_spot_em,,A 股东方财富,,
stock_sz_a_spot_em,,A 股东方财富,,
stock_zh_b_spot_em,,A 股东方财富,,
stock_zh_ab_comparison_em,,A 股东方财富,,
stock_zh_a_hist,,A 股东方财富,,
stock_hk_spot_em,,A 股东方财富,,
stock_hk_main_board_spot_em,,A 股东方财富,,
stock_hk_hist,,A 股东方财富,,
stock_us_spot_em,,A 股东方财富,,
stock_us_hist,,A 股东方财富,,
stock_zh_a_hist_min_em,,A 股东方财富,,
stock_zh_a_hist_pre_min_em,,A 股东方财富,,
stock_hk_hist_min_em,,A 股东方财富,,
stock_us_hist_min_em,,A 股东方财富,,
currency_boc_sina,,中行人民币牌价历史数据查询,,
futures_hold_pos_sina,,期货持仓,,
stock_zh_a_gdhs,,股东户数,,
stock_zh_a_gdhs_detail_em,,股东户数,,
stock_staq_net_stop,,两网及退市,,
stock_zt_pool_em,,涨停板行情,,
stock_zt_pool_previous_em,,涨停板行情,,
stock_zt_pool_dtgc_em,,涨停板行情,,
stock_zt_pool_zbgc_em,,涨停板行情,,
stock_zt_pool_strong_em,,涨停板行情,,
stock_zt_pool_sub_new_em,,涨停板行情,,
macro_china_hk_cpi,,中国-香港-宏观,,
macro_china_hk_cpi_ratio,,中国-香港-宏观,,
macro_china_hk_trade_diff_ratio,,中国-香港-宏观,,
macro_china_hk_gbp_ratio,,中国-香港-宏观,,
macro_china_hk_building_amount,,中国-香港-宏观,,
macro_china_hk_building_volume,,中国-香港-宏观,,
macro_china_hk_gbp,,中国-香港-宏观,,
macro_china_hk_ppi,,中国-香港-宏观,,
macro_china_hk_rate_of_unemployment,,中国-香港-宏观,,
stock_qbzf_em,,增发和配股,,
stock_pg_em,,增发和配股,,
car_sale_rank_gasgoo,,汽车销量,,
car_market_cate_cpca,,汽车销量,,
car_market_fuel_cpca,,汽车销量,,
car_market_segment_cpca,,汽车销量,,
car_market_country_cpca,,汽车销量,,
car_market_man_rank_cpca,,汽车销量,,
car_market_total_cpca,,汽车销量,,
index_price_cflp,,中国公路物流运价、运量指数,,
index_volume_cflp,,中国公路物流运价、运量指数,,
stock_market_activity_legu,,赚钱效应分析,,
index_eri,,浙江省排污权交易指数,,
drewry_wci_index,,Drewry 集装箱指数,,
index_kq_fz,,柯桥指数,,
index_kq_fashion,,柯桥指数,,
fund_new_found_em,,新发基金,,
stock_ggcg_em,,高管持股,,
stock_fund_flow_concept,,同花顺-数据中心-资金流向-概念资金流,,
stock_fund_flow_industry,,同花顺-数据中心-资金流向-概念资金流,,
stock_fund_flow_big_deal,,同花顺-数据中心-资金流向-概念资金流,,
stock_fund_flow_individual,,同花顺-数据中心-资金流向-概念资金流,,
crypto_bitcoin_hold_report,,比特币持仓,,
stock_lh_yyb_capital,,证券交易营业部排行,,
stock_lh_yyb_most,,证券交易营业部排行,,
stock_lh_yyb_control,,证券交易营业部排行,,
stock_notice_report,,沪深 A 股公告,,
stock_ipo_declare,,首发企业申报,,
stock_zcfz_em,,三大报表,,
stock_zcfz_bj_em,,三大报表,,
stock_lrb_em,,三大报表,,
stock_xjll_em,,三大报表,,
stock_yjbb_em,,业绩报告,,
stock_board_concept_info_ths,,同花顺-概念板块,,
stock_board_concept_summary_ths,,同花顺-概念板块,,
stock_board_concept_index_ths,,同花顺-概念板块,,
stock_board_concept_name_ths,,同花顺-概念板块,,
stock_board_industry_name_ths,,同花顺-行业板块,,
stock_board_industry_info_ths,,同花顺-行业板块,,
stock_board_industry_index_ths,,同花顺-行业板块,,
stock_ipo_benefit_ths,,同花顺-行业板块,,
stock_xgsr_ths,,同花顺-行业板块,,
stock_fhps_em,,分红配送,,
stock_fhps_detail_em,,分红配送,,
bond_zh_us_rate,,中美国债收益率,,
stock_profit_forecast_em,,盈利预测,,
fund_manager_em,,基金经理,,
fund_rating_sh,,基金评级,,
fund_rating_zs,,基金评级,,
fund_rating_ja,,基金评级,,
fund_rating_all,,基金评级,,
stock_margin_detail_sse,,融资融券数据,,
stock_margin_sse,,融资融券数据,,
stock_margin_ratio_pa,,融资融券数据,,
futures_to_spot_czce,,期货交割和期转现,,
futures_to_spot_shfe,,期货交割和期转现,,
futures_to_spot_dce,,期货交割和期转现,,
futures_delivery_dce,,期货交割和期转现,,
futures_delivery_shfe,,期货交割和期转现,,
futures_delivery_czce,,期货交割和期转现,,
futures_delivery_match_dce,,期货交割和期转现,,
futures_delivery_match_czce,,期货交割和期转现,,
fund_portfolio_hold_em,,基金持仓,,
fund_portfolio_change_em,,基金持仓,,
fund_portfolio_bond_hold_em,,基金持仓,,
fund_portfolio_industry_allocation_em,,基金持仓,,
bond_deal_summary_sse,,债券概览,,
bond_cash_summary_sse,,债券概览,,
stock_news_em,,新闻-个股新闻,,
stock_yzxdr_em,,股票数据-一致行动人,,
stock_dzjy_sctj,,大宗交易,,
stock_dzjy_mrmx,,大宗交易,,
stock_dzjy_mrtj,,大宗交易,,
stock_dzjy_hygtj,,大宗交易,,
stock_dzjy_yybph,,大宗交易,,
stock_dzjy_hyyybtj,,大宗交易,,
index_hist_cni,,国证指数,,
index_all_cni,,国证指数,,
index_detail_cni,,国证指数,,
index_detail_hist_cni,,国证指数,,
index_detail_hist_adjust_cni,,国证指数,,
option_current_em,,东方财富-期权,,
stock_zh_kcb_report_em,,科创板报告,,
futures_contract_detail,,期货合约详情,,
hurun_rank,,胡润排行榜,,
xincaifu_rank,,新财富富豪榜,,
forbes_rank,,福布斯中国榜单,,
repo_rate_hist,,回购定盘利率,,
repo_rate_query,,回购定盘利率,,
fund_exchange_rank_em,,公募基金排行,,
fund_money_rank_em,,公募基金排行,,
fund_open_fund_rank_em,,公募基金排行,,
fund_hk_rank_em,,公募基金排行,,
fund_lcx_rank_em,,公募基金排行,,
movie_boxoffice_cinema_daily,,电影票房,,
movie_boxoffice_cinema_weekly,,电影票房,,
movie_boxoffice_weekly,,电影票房,,
movie_boxoffice_daily,,电影票房,,
movie_boxoffice_monthly,,电影票房,,
movie_boxoffice_realtime,,电影票房,,
movie_boxoffice_yearly,,电影票房,,
movie_boxoffice_yearly_first_week,,电影票房,,
news_cctv,,新闻联播文字稿,,
bond_china_close_return,,债券收盘收益率曲线历史数据,,
macro_china_bond_public,,债券收盘收益率曲线历史数据,,
macro_china_swap_rate,,债券收盘收益率曲线历史数据,,
bond_china_close_return_map,,债券收盘收益率曲线历史数据,,
futures_comex_inventory,,COMEX黄金-白银库存,,
stock_zh_a_new,,A 股-特别标的,,
stock_zh_a_st_em,,A 股-特别标的,,
stock_zh_a_new_em,,A 股-特别标的,,
stock_zh_a_stop_em,,A 股-特别标的,,
stock_register_kcb,,东方财富-注册制审核,,
stock_register_cyb,,东方财富-注册制审核,,
stock_register_bj,,东方财富-注册制审核,,
stock_register_db,,东方财富-注册制审核,,
stock_register_sh,,东方财富-注册制审核,,
stock_register_sz,,东方财富-注册制审核,,
stock_lhb_detail_daily_sina,,新浪财经-龙虎榜,,
stock_lhb_ggtj_sina,,新浪财经-龙虎榜,,
stock_lhb_jgmx_sina,,新浪财经-龙虎榜,,
stock_lhb_jgzz_sina,,新浪财经-龙虎榜,,
stock_lhb_yytj_sina,,新浪财经-龙虎榜,,
stock_zh_index_hist_csindex,,中证指数,,
stock_zh_index_value_csindex,,中证指数,,
stock_report_fund_hold,,股票基金持仓数据,,
stock_report_fund_hold_detail,,股票基金持仓数据,,
futures_zh_minute_sina,,期货分钟数据,,
futures_zh_daily_sina,,期货分钟数据,,
futures_zh_realtime,,期货分钟数据,,
futures_symbol_mark,,期货分钟数据,,
match_main_contract,,期货分钟数据,,
futures_zh_spot,,期货分钟数据,,
stock_report_disclosure,,股票财务报告预约披露,,
fund_etf_hist_sina,,基金行情,,
fund_etf_category_sina,,基金行情,,
fund_etf_dividend_sina,,基金行情,,
tool_trade_date_hist_sina,,交易日历,,
option_commodity_contract_table_sina,,commodity option,,
option_commodity_contract_sina,,commodity option,,
option_commodity_hist_sina,,commodity option,,
stock_market_pb_lg,,A 股PE和PB,,
stock_index_pb_lg,,A 股PE和PB,,
stock_market_pe_lg,,A 股PE和PB,,
stock_index_pe_lg,,A 股PE和PB,,
stock_a_indicator_lg,,A 股PE和PB,,
stock_hk_indicator_eniu,,A 股PE和PB,,
stock_a_high_low_statistics,,A 股PE和PB,,
stock_a_below_net_asset_statistics,,A 股PE和PB,,
index_bloomberg_billionaires,,彭博亿万富豪指数,,
index_bloomberg_billionaires_hist,,彭博亿万富豪指数,,
stock_qsjy_em,,stock-券商业绩月报,,
futures_czce_warehouse_receipt,,futures-warehouse-receipt,,
futures_dce_warehouse_receipt,,futures-warehouse-receipt,,
futures_shfe_warehouse_receipt,,futures-warehouse-receipt,,
futures_gfex_warehouse_receipt,,futures-warehouse-receipt,,
stock_price_js,,stock-js,,
stock_sse_summary,,stock-summary,,
stock_szse_summary,,stock-summary,,
stock_sse_deal_daily,,stock-summary,,
stock_szse_area_summary,,stock-summary,,
stock_szse_sector_summary,,stock-summary,,
stock_institute_recommend,,股票-机构推荐池,,
stock_institute_recommend_detail,,股票-机构推荐池,,
stock_institute_hold_detail,,股票-机构持股,,
stock_institute_hold,,股票-机构持股,,
stock_info_sh_delist,,stock-info,,
stock_info_sz_delist,,stock-info,,
stock_info_a_code_name,,stock-info,,
stock_info_sh_name_code,,stock-info,,
stock_info_bj_name_code,,stock-info,,
stock_info_sz_name_code,,stock-info,,
stock_info_sz_change_name,,stock-info,,
stock_info_change_name,,stock-info,,
stock_sector_spot,,stock-sector,,
stock_sector_detail,,stock-sector,,
stock_financial_abstract,,stock-fundamental,,
stock_financial_report_sina,,stock-fundamental,,
stock_financial_analysis_indicator,,stock-fundamental,,
stock_add_stock,,stock-fundamental,,
stock_ipo_info,,stock-fundamental,,
stock_history_dividend_detail,,stock-fundamental,,
stock_history_dividend,,stock-fundamental,,
stock_circulate_stock_holder,,stock-fundamental,,
stock_restricted_release_queue_sina,,stock-fundamental,,
stock_fund_stock_holder,,stock-fundamental,,
stock_main_stock_holder,,stock-fundamental,,
stock_financial_hk_analysis_indicator_em,,stock-HK-fundamental,,
stock_financial_hk_report_em,,stock-HK-fundamental,,
stock_individual_fund_flow,,stock_fund,,
stock_market_fund_flow,,stock_fund,,
stock_sector_fund_flow_rank,,stock_fund,,
stock_individual_fund_flow_rank,,stock_fund,,
stock_sector_fund_flow_summary,,stock_fund,,
stock_sector_fund_flow_hist,,stock_fund,,
stock_concept_fund_flow_hist,,stock_fund,,
stock_main_fund_flow,,stock_fund,,
air_quality_hist,,air-quality,,
air_quality_rank,,air-quality,,
air_quality_watch_point,,air-quality,,
air_city_table,,air-quality,,
hf_sp_500,,hf,,
stock_yjyg_em,,stock_yjyg_em,,
stock_yysj_em,,stock_yjyg_em,,
stock_yjkb_em,,stock_yjyg_em,,
stock_dxsyl_em,,stock,,
stock_xgsglb_em,,stock,,
fred_md,,article,,
fred_qd,,article,,
futures_index_min_ccidx,,中证商品指数,,
futures_index_ccidx,,中证商品指数,,
futures_spot_stock,,futures_em_spot_stock,,
energy_oil_detail,,energy_oil,,
energy_oil_hist,,energy_oil,,
futures_foreign_detail,,futures-foreign,,
futures_foreign_hist,,futures-foreign,,
stock_tfp_em,,stock-em-tfp,,
stock_hk_ggt_components_em,,stock-em-hsgt,,
stock_hsgt_hold_stock_em,,stock-em-hsgt,,
stock_hsgt_hist_em,,stock-em-hsgt,,
stock_hsgt_institution_statistics_em,,stock-em-hsgt,,
stock_hsgt_stock_statistics_em,,stock-em-hsgt,,
stock_hsgt_board_rank_em,,stock-em-hsgt,,
stock_comment_em,,stock-em-comment,,
stock_comment_detail_zlkp_jgcyd_em,,stock-em-comment,,
stock_comment_detail_scrd_focus_em,,stock-em-comment,,
stock_comment_detail_zhpj_lspf_em,,stock-em-comment,,
stock_comment_detail_scrd_desire_em,,stock-em-comment,,
stock_comment_detail_scrd_desire_daily_em,,stock-em-comment,,
stock_analyst_detail_em,,stock-em-analyst,,
stock_analyst_rank_em,,stock-em-analyst,,
futures_settlement_price_sgx,,新加坡期货交易所,,
currency_convert,,currency interface,,
currency_currencies,,currency interface,,
currency_history,,currency interface,,
currency_latest,,currency interface,,
currency_time_series,,currency interface,,
nlp_ownthink,,知识图谱,,
nlp_answer,,知识图谱,,
stock_js_weibo_nlp_time,,微博舆情报告,,
stock_js_weibo_report,,微博舆情报告,,
option_cffex_sz50_list_sina,,金融期权-新浪,,
option_cffex_sz50_spot_sina,,金融期权-新浪,,
option_cffex_sz50_daily_sina,,金融期权-新浪,,
option_cffex_hs300_list_sina,,金融期权-新浪,,
option_cffex_hs300_spot_sina,,金融期权-新浪,,
option_cffex_hs300_daily_sina,,金融期权-新浪,,
option_cffex_zz1000_list_sina,,金融期权-新浪,,
option_cffex_zz1000_spot_sina,,金融期权-新浪,,
option_cffex_zz1000_daily_sina,,金融期权-新浪,,
option_sse_list_sina,,金融期权-新浪,,
option_sse_expire_day_sina,,金融期权-新浪,,
option_sse_codes_sina,,金融期权-新浪,,
option_sse_spot_price_sina,,金融期权-新浪,,
option_sse_underlying_spot_price_sina,,金融期权-新浪,,
option_sse_greeks_sina,,金融期权-新浪,,
option_sse_minute_sina,,金融期权-新浪,,
option_sse_daily_sina,,金融期权-新浪,,
option_finance_minute_sina,,金融期权-新浪,,
option_minute_em,,金融期权-新浪,,
bond_zh_hs_daily,,债券-沪深债券,,
bond_zh_hs_spot,,债券-沪深债券,,
bond_zh_hs_cov_daily,,债券-沪深债券,,
bond_zh_hs_cov_spot,,债券-沪深债券,,
bond_cov_comparison,,债券-沪深债券,,
bond_zh_cov,,债券-沪深债券,,
bond_zh_cov_info,,债券-沪深债券,,
bond_zh_hs_cov_min,,债券-沪深债券,,
bond_zh_hs_cov_pre_min,,债券-沪深债券,,
bond_zh_cov_value_analysis,,债券-沪深债券,,
bond_cb_jsl,,债券-沪深债券,,
bond_cb_adj_logs_jsl,,债券-沪深债券,,
bond_cb_index_jsl,,债券-沪深债券,,
bond_cb_redeem_jsl,,债券-沪深债券,,
fund_open_fund_daily_em,,基金数据接口,,
fund_open_fund_info_em,,基金数据接口,,
fund_etf_fund_daily_em,,基金数据接口,,
fund_etf_fund_info_em,,基金数据接口,,
fund_financial_fund_daily_em,,基金数据接口,,
fund_financial_fund_info_em,,基金数据接口,,
fund_name_em,,基金数据接口,,
fund_info_index_em,,基金数据接口,,
fund_graded_fund_daily_em,,基金数据接口,,
fund_graded_fund_info_em,,基金数据接口,,
fund_money_fund_daily_em,,基金数据接口,,
fund_money_fund_info_em,,基金数据接口,,
fund_value_estimation_em,,基金数据接口,,
fund_hk_fund_hist_em,,基金数据接口,,
fund_purchase_em,,基金数据接口,,
migration_area_baidu,,百度迁徙地图接口,,
migration_scale_baidu,,百度迁徙地图接口,,
currency_pair_map,,英为财情-外汇-货币对历史数据,,
option_czce_hist,,商品期权-郑州商品交易所-期权-历史数据,,
rate_interbank,,宏观-经济数据-银行间拆借利率,,
macro_fx_sentiment,,金十数据中心-外汇情绪,,
macro_euro_gdp_yoy,,金十数据中心-经济指标-欧元区,,
macro_euro_cpi_mom,,金十数据中心-经济指标-欧元区,,
macro_euro_cpi_yoy,,金十数据中心-经济指标-欧元区,,
macro_euro_current_account_mom,,金十数据中心-经济指标-欧元区,,
macro_euro_employment_change_qoq,,金十数据中心-经济指标-欧元区,,
macro_euro_industrial_production_mom,,金十数据中心-经济指标-欧元区,,
macro_euro_manufacturing_pmi,,金十数据中心-经济指标-欧元区,,
macro_euro_ppi_mom,,金十数据中心-经济指标-欧元区,,
macro_euro_retail_sales_mom,,金十数据中心-经济指标-欧元区,,
macro_euro_sentix_investor_confidence,,金十数据中心-经济指标-欧元区,,
macro_euro_services_pmi,,金十数据中心-经济指标-欧元区,,
macro_euro_trade_balance,,金十数据中心-经济指标-欧元区,,
macro_euro_unemployment_rate_mom,,金十数据中心-经济指标-欧元区,,
macro_euro_zew_economic_sentiment,,金十数据中心-经济指标-欧元区,,
macro_euro_lme_holding,,金十数据中心-经济指标-欧元区,,
macro_euro_lme_stock,,金十数据中心-经济指标-欧元区,,
macro_bank_australia_interest_rate,,金十数据中心-经济指标-央行利率-主要央行利率,,
macro_bank_brazil_interest_rate,,金十数据中心-经济指标-央行利率-主要央行利率,,
macro_bank_china_interest_rate,,金十数据中心-经济指标-央行利率-主要央行利率,,
macro_bank_english_interest_rate,,金十数据中心-经济指标-央行利率-主要央行利率,,
macro_bank_euro_interest_rate,,金十数据中心-经济指标-央行利率-主要央行利率,,
macro_bank_india_interest_rate,,金十数据中心-经济指标-央行利率-主要央行利率,,
macro_bank_japan_interest_rate,,金十数据中心-经济指标-央行利率-主要央行利率,,
macro_bank_newzealand_interest_rate,,金十数据中心-经济指标-央行利率-主要央行利率,,
macro_bank_russia_interest_rate,,金十数据中心-经济指标-央行利率-主要央行利率,,
macro_bank_switzerland_interest_rate,,金十数据中心-经济指标-央行利率-主要央行利率,,
macro_bank_usa_interest_rate,,金十数据中心-经济指标-央行利率-主要央行利率,,
index_yw,,义乌小商品指数,,
index_stock_info,,股票指数-股票指数-成份股,,
index_stock_cons,,股票指数-股票指数-成份股,,
index_stock_cons_sina,,股票指数-股票指数-成份股,,
index_stock_cons_csindex,,股票指数-股票指数-成份股,,
index_stock_cons_weight_csindex,,股票指数-股票指数-成份股,,
stock_a_code_to_symbol,,股票指数-股票指数-成份股,,
stock_account_statistics_em,,东方财富-股票账户,,
futures_rule,,期货规则,,
stock_sy_profile_em,,东方财富-商誉专题,,
stock_sy_yq_em,,东方财富-商誉专题,,
stock_sy_jz_em,,东方财富-商誉专题,,
stock_sy_em,,东方财富-商誉专题,,
stock_sy_hy_em,,东方财富-商誉专题,,
stock_gpzy_pledge_ratio_em,,东方财富-股票质押,,
stock_gpzy_profile_em,,东方财富-股票质押,,
stock_gpzy_distribute_statistics_bank_em,,东方财富-股票质押,,
stock_gpzy_distribute_statistics_company_em,,东方财富-股票质押,,
stock_gpzy_industry_data_em,,东方财富-股票质押,,
stock_gpzy_pledge_ratio_detail_em,,东方财富-股票质押,,
stock_jgdy_tj_em,,东方财富-机构调研,,
stock_jgdy_detail_em,,东方财富-机构调研,,
futures_main_sina,,新浪主力连续接口,,
futures_display_main_sina,,新浪主力连续接口,,
macro_cnbs,,中国宏观杠杆率数据,,
spot_goods,,大宗商品-现货价格指数,,
cost_living,,成本-世界各大城市生活成本,,
energy_carbon_domestic,,能源-碳排放权,,
energy_carbon_bj,,能源-碳排放权,,
energy_carbon_eu,,能源-碳排放权,,
energy_carbon_gz,,能源-碳排放权,,
energy_carbon_hb,,能源-碳排放权,,
energy_carbon_sz,,能源-碳排放权,,
amac_manager_info,,中国证券投资基金业协会-信息公示,,
amac_member_info,,中国证券投资基金业协会-信息公示,,
amac_member_sub_info,,中国证券投资基金业协会-信息公示,,
amac_aoin_info,,中国证券投资基金业协会-信息公示,,
amac_fund_account_info,,中国证券投资基金业协会-信息公示,,
amac_fund_info,,中国证券投资基金业协会-信息公示,,
amac_fund_sub_info,,中国证券投资基金业协会-信息公示,,
amac_futures_info,,中国证券投资基金业协会-信息公示,,
amac_manager_cancelled_info,,中国证券投资基金业协会-信息公示,,
amac_securities_info,,中国证券投资基金业协会-信息公示,,
amac_fund_abs,,中国证券投资基金业协会-信息公示,,
amac_manager_classify_info,,中国证券投资基金业协会-信息公示,,
amac_person_fund_org_list,,中国证券投资基金业协会-信息公示,,
amac_person_bond_org_list,,中国证券投资基金业协会-信息公示,,
sw_index_third_cons,,申万行业一级,,
sw_index_first_info,,申万行业一级,,
sw_index_second_info,,申万行业一级,,
sw_index_third_info,,申万行业一级,,
article_epu_index,,经济政策不确定性指数,,
air_quality_hebei,,空气-河北,,
sunrise_daily,,日出和日落,,
sunrise_monthly,,日出和日落,,
stock_zh_a_tick_tx_js,,新浪-指数实时行情和历史行情,,
stock_zh_index_daily,,新浪-指数实时行情和历史行情,,
stock_zh_index_spot_sina,,新浪-指数实时行情和历史行情,,
stock_zh_index_spot_em,,新浪-指数实时行情和历史行情,,
stock_zh_index_daily_tx,,新浪-指数实时行情和历史行情,,
stock_zh_index_daily_em,,新浪-指数实时行情和历史行情,,
futures_foreign_commodity_realtime,,外盘期货实时行情,,
futures_foreign_commodity_subscribe_exchange_symbol,,外盘期货实时行情,,
futures_hq_subscribe_exchange_symbol,,外盘期货实时行情,,
article_ff_crr,,FF多因子数据接口,,
article_oman_rv,,Realized Library 接口,,
article_oman_rv_short,,Realized Library 接口,,
article_rlab_rv,,Realized Library 接口,,
bank_fjcf_table_detail,,银保监分局本级行政处罚数据,,
stock_zh_kcb_spot,,科创板股票,,
stock_zh_kcb_daily,,科创板股票,,
stock_zh_a_spot,,A股,,
stock_zh_a_daily,,A股,,
stock_zh_a_minute,,A股,,
stock_zh_a_cdr_daily,,A股,,
stock_zh_ah_spot,,A+H股,,
stock_zh_ah_daily,,A+H股,,
stock_zh_ah_name,,A+H股,,
crypto_js_spot,,加密货币,,
option_finance_board,,金融期权,,
option_finance_sse_underlying,,金融期权,,
stock_us_daily,,新浪-美股实时行情数据和历史行情数据(前复权),,
stock_us_spot,,新浪-美股实时行情数据和历史行情数据(前复权),,
get_us_stock_name,,新浪-美股实时行情数据和历史行情数据(前复权),,
stock_hk_daily,,新浪-港股实时行情数据和历史数据(前复权和后复权因子),,
stock_hk_spot,,新浪-港股实时行情数据和历史数据(前复权和后复权因子),,
futures_spot_sys,,生意社-商品与期货-现期图数据,,
macro_cons_gold,,全球宏观-机构宏观,,
macro_cons_silver,,全球宏观-机构宏观,,
macro_cons_opec_month,,全球宏观-机构宏观,,
macro_usa_eia_crude_rate,,全球宏观-美国宏观,,
macro_usa_non_farm,,全球宏观-美国宏观,,
macro_usa_unemployment_rate,,全球宏观-美国宏观,,
macro_usa_adp_employment,,全球宏观-美国宏观,,
macro_usa_core_pce_price,,全球宏观-美国宏观,,
macro_usa_cpi_monthly,,全球宏观-美国宏观,,
macro_usa_cpi_yoy,,全球宏观-美国宏观,,
macro_usa_crude_inner,,全球宏观-美国宏观,,
macro_usa_gdp_monthly,,全球宏观-美国宏观,,
macro_usa_initial_jobless,,全球宏观-美国宏观,,
macro_usa_lmci,,全球宏观-美国宏观,,
macro_usa_api_crude_stock,,全球宏观-美国宏观,,
macro_usa_building_permits,,全球宏观-美国宏观,,
macro_usa_business_inventories,,全球宏观-美国宏观,,
macro_usa_cb_consumer_confidence,,全球宏观-美国宏观,,
macro_usa_core_cpi_monthly,,全球宏观-美国宏观,,
macro_usa_core_ppi,,全球宏观-美国宏观,,
macro_usa_current_account,,全球宏观-美国宏观,,
macro_usa_durable_goods_orders,,全球宏观-美国宏观,,
macro_usa_trade_balance,,全球宏观-美国宏观,,
macro_usa_spcs20,,全球宏观-美国宏观,,
macro_usa_services_pmi,,全球宏观-美国宏观,,
macro_usa_rig_count,,全球宏观-美国宏观,,
macro_usa_retail_sales,,全球宏观-美国宏观,,
macro_usa_real_consumer_spending,,全球宏观-美国宏观,,
macro_usa_ppi,,全球宏观-美国宏观,,
macro_usa_pmi,,全球宏观-美国宏观,,
macro_usa_personal_spending,,全球宏观-美国宏观,,
macro_usa_pending_home_sales,,全球宏观-美国宏观,,
macro_usa_nfib_small_business,,全球宏观-美国宏观,,
macro_usa_new_home_sales,,全球宏观-美国宏观,,
macro_usa_nahb_house_market_index,,全球宏观-美国宏观,,
macro_usa_michigan_consumer_sentiment,,全球宏观-美国宏观,,
macro_usa_exist_home_sales,,全球宏观-美国宏观,,
macro_usa_export_price,,全球宏观-美国宏观,,
macro_usa_factory_orders,,全球宏观-美国宏观,,
macro_usa_house_price_index,,全球宏观-美国宏观,,
macro_usa_house_starts,,全球宏观-美国宏观,,
macro_usa_import_price,,全球宏观-美国宏观,,
macro_usa_industrial_production,,全球宏观-美国宏观,,
macro_usa_ism_non_pmi,,全球宏观-美国宏观,,
macro_usa_ism_pmi,,全球宏观-美国宏观,,
macro_usa_job_cuts,,全球宏观-美国宏观,,
macro_usa_cftc_nc_holding,,全球宏观-美国宏观,,
macro_usa_cftc_c_holding,,全球宏观-美国宏观,,
macro_usa_cftc_merchant_currency_holding,,全球宏观-美国宏观,,
macro_usa_cftc_merchant_goods_holding,,全球宏观-美国宏观,,
macro_usa_cme_merchant_goods_holding,,全球宏观-美国宏观,,
macro_usa_phs,,全球宏观-美国宏观,,
macro_china_bank_financing,,全球宏观-中国宏观,,
macro_china_insurance_income,,全球宏观-中国宏观,,
macro_china_mobile_number,,全球宏观-中国宏观,,
macro_china_vegetable_basket,,全球宏观-中国宏观,,
macro_china_agricultural_product,,全球宏观-中国宏观,,
macro_china_agricultural_index,,全球宏观-中国宏观,,
macro_china_energy_index,,全球宏观-中国宏观,,
macro_china_commodity_price_index,,全球宏观-中国宏观,,
macro_global_sox_index,,全球宏观-中国宏观,,
macro_china_yw_electronic_index,,全球宏观-中国宏观,,
macro_china_construction_index,,全球宏观-中国宏观,,
macro_china_construction_price_index,,全球宏观-中国宏观,,
macro_china_lpi_index,,全球宏观-中国宏观,,
macro_china_bdti_index,,全球宏观-中国宏观,,
macro_china_bsi_index,,全球宏观-中国宏观,,
macro_china_cpi_monthly,,全球宏观-中国宏观,,
macro_china_cpi_yearly,,全球宏观-中国宏观,,
macro_china_m2_yearly,,全球宏观-中国宏观,,
macro_china_fx_reserves_yearly,,全球宏观-中国宏观,,
macro_china_cx_pmi_yearly,,全球宏观-中国宏观,,
macro_china_pmi_yearly,,全球宏观-中国宏观,,
macro_china_daily_energy,,全球宏观-中国宏观,,
macro_china_non_man_pmi,,全球宏观-中国宏观,,
macro_china_rmb,,全球宏观-中国宏观,,
macro_china_gdp_yearly,,全球宏观-中国宏观,,
macro_china_shrzgm,,全球宏观-中国宏观,,
macro_china_ppi_yearly,,全球宏观-中国宏观,,
macro_china_cx_services_pmi_yearly,,全球宏观-中国宏观,,
macro_china_market_margin_sh,,全球宏观-中国宏观,,
macro_china_market_margin_sz,,全球宏观-中国宏观,,
macro_china_au_report,,全球宏观-中国宏观,,
macro_china_exports_yoy,,全球宏观-中国宏观,,
macro_china_hk_market_info,,全球宏观-中国宏观,,
macro_china_imports_yoy,,全球宏观-中国宏观,,
macro_china_trade_balance,,全球宏观-中国宏观,,
macro_china_shibor_all,,全球宏观-中国宏观,,
macro_china_industrial_production_yoy,,全球宏观-中国宏观,,
macro_china_gyzjz,,全球宏观-中国宏观,,
macro_china_lpr,,全球宏观-中国宏观,,
macro_china_new_house_price,,全球宏观-中国宏观,,
macro_china_enterprise_boom_index,,全球宏观-中国宏观,,
macro_china_national_tax_receipts,,全球宏观-中国宏观,,
macro_china_new_financial_credit,,全球宏观-中国宏观,,
macro_china_fx_gold,,全球宏观-中国宏观,,
macro_china_money_supply,,全球宏观-中国宏观,,
macro_china_stock_market_cap,,全球宏观-中国宏观,,
macro_china_cpi,,全球宏观-中国宏观,,
macro_china_gdp,,全球宏观-中国宏观,,
macro_china_ppi,,全球宏观-中国宏观,,
macro_china_pmi,,全球宏观-中国宏观,,
macro_china_gdzctz,,全球宏观-中国宏观,,
macro_china_hgjck,,全球宏观-中国宏观,,
macro_china_czsr,,全球宏观-中国宏观,,
macro_china_whxd,,全球宏观-中国宏观,,
macro_china_wbck,,全球宏观-中国宏观,,
macro_china_xfzxx,,全球宏观-中国宏观,,
macro_china_reserve_requirement_ratio,,全球宏观-中国宏观,,
macro_china_consumer_goods_retail,,全球宏观-中国宏观,,
macro_china_society_electricity,,全球宏观-中国宏观,,
macro_china_society_traffic_volume,,全球宏观-中国宏观,,
macro_china_postal_telecommunicational,,全球宏观-中国宏观,,
macro_china_international_tourism_fx,,全球宏观-中国宏观,,
macro_china_passenger_load_factor,,全球宏观-中国宏观,,
macro_china_freight_index,,全球宏观-中国宏观,,
macro_china_central_bank_balance,,全球宏观-中国宏观,,
macro_china_insurance,,全球宏观-中国宏观,,
macro_china_supply_of_money,,全球宏观-中国宏观,,
macro_china_foreign_exchange_gold,,全球宏观-中国宏观,,
macro_china_retail_price_index,,全球宏观-中国宏观,,
macro_china_real_estate,,全球宏观-中国宏观,,
macro_china_qyspjg,,全球宏观-中国宏观,,
macro_china_fdi,,全球宏观-中国宏观,,
macro_shipping_bci,,全球宏观-中国宏观,,
macro_shipping_bcti,,全球宏观-中国宏观,,
macro_shipping_bdi,,全球宏观-中国宏观,,
macro_shipping_bpi,,全球宏观-中国宏观,,
macro_china_urban_unemployment,,全球宏观-中国宏观,,
macro_china_nbs_nation,,全球宏观-中国宏观-国家统计局,,
macro_china_nbs_region,,全球宏观-中国宏观-国家统计局,,
fx_pair_quote,,外汇,,
fx_spot_quote,,外汇,,
fx_swap_quote,,外汇,,
bond_spot_quote,,债券行情,,
bond_spot_deal,,债券行情,,
bond_china_yield,,债券行情,,
option_dce_daily,,商品期权,,
option_czce_daily,,商品期权,,
option_shfe_daily,,商品期权,,
option_gfex_vol_daily,,商品期权,,
option_gfex_daily,,商品期权,,
futures_inventory_99,,99期货-期货库存数据,,
futures_inventory_em,,东方财富-期货库存数据,,
bond_debt_nafmii,,中国银行间市场交易商协会,,
qhkc_tool_foreign,,奇货可查-工具模块,,
qhkc_tool_gdp,,奇货可查-工具模块,,
get_qhkc_index,,奇货可查-指数模块,,
get_qhkc_index_trend,,奇货可查-指数模块,,
get_qhkc_index_profit_loss,,奇货可查-指数模块,,
get_qhkc_fund_money_change,,奇货可查-资金模块,,
get_qhkc_fund_bs,,奇货可查-资金模块,,
get_qhkc_fund_position,,奇货可查-资金模块,,
futures_spot_price_daily,,大宗商品现货价格及基差,,
futures_spot_price,,大宗商品现货价格及基差,,
futures_spot_price_previous,,大宗商品现货价格及基差,,
get_rank_sum_daily,,期货持仓成交排名数据,,
get_rank_sum,,期货持仓成交排名数据,,
get_shfe_rank_table,,期货持仓成交排名数据,,
get_czce_rank_table,,期货持仓成交排名数据,,
get_dce_rank_table,,期货持仓成交排名数据,,
get_cffex_rank_table,,期货持仓成交排名数据,,
futures_dce_position_rank,,期货持仓成交排名数据,,
futures_dce_position_rank_other,,期货持仓成交排名数据,,
futures_gfex_position_rank,,期货持仓成交排名数据,,
get_receipt,,大宗商品期货仓单数据,,
get_roll_yield_bar,,大宗商品期货展期收益率数据,,
get_roll_yield,,大宗商品期货展期收益率数据,,
get_cffex_daily,,交易所日线行情数据,,
get_czce_daily,,交易所日线行情数据,,
get_shfe_daily,,交易所日线行情数据,,
get_dce_daily,,交易所日线行情数据,,
get_futures_daily,,交易所日线行情数据,,
get_ine_daily,,交易所日线行情数据,,
get_gfex_daily,,交易所日线行情数据,,
fund_individual_basic_info_xq,,雪球基金数据,,
fund_individual_achievement_xq,,雪球基金数据,,
fund_individual_analysis_xq,,雪球基金数据,,
fund_individual_profit_probability_xq,,雪球基金数据,,
fund_individual_detail_info_xq,,雪球基金数据,,
fund_individual_detail_hold_xq,,雪球基金数据,,